{"stats":{"minecraft:killed_by":{"minecraft:skeleton":2},"minecraft:mined":{"minecraft:sand":14},"minecraft:picked_up":{"minecraft:sand":14},"minecraft:custom":{"minecraft:jump":131,"minecraft:time_since_rest":5411,"minecraft:damage_dealt":67,"minecraft:damage_taken":579,"minecraft:leave_game":5,"minecraft:time_since_death":3899,"minecraft:play_time":14949,"minecraft:sprint_one_cm":3740,"minecraft:walk_one_cm":23485,"minecraft:walk_on_water_one_cm":2338,"minecraft:deaths":2,"minecraft:total_world_time":14949,"minecraft:fall_one_cm":2608,"minecraft:fly_one_cm":10810,"minecraft:horse_one_cm":1254}},"DataVersion":3465}