{"stats":{"minecraft:used":{"minecraft:sand":1,"minecraft:bread":1,"minecraft:cactus":3},"minecraft:crafted":{"minecraft:bread":6},"minecraft:mined":{"minecraft:cactus":5,"minecraft:sand":8,"minecraft:sugar_cane":2},"minecraft:picked_up":{"minecraft:cactus":6,"minecraft:sand":4,"minecraft:sugar_cane":3},"minecraft:custom":{"minecraft:time_since_rest":6501,"minecraft:open_chest":1,"minecraft:play_time":6501,"minecraft:sprint_one_cm":21160,"minecraft:damage_taken":67,"minecraft:walk_one_cm":25783,"minecraft:walk_under_water_one_cm":294,"minecraft:jump":81,"minecraft:damage_dealt":54,"minecraft:leave_game":1,"minecraft:time_since_death":6501,"minecraft:walk_on_water_one_cm":2840,"minecraft:total_world_time":6501,"minecraft:interact_with_crafting_table":2,"minecraft:fall_one_cm":1105,"minecraft:fly_one_cm":8478}},"DataVersion":3465}